,mae_train_mean,mae_train_max,mae_train_min,mae_train_std,mae_test_mean,mae_test_max,mae_test_min,mae_test_std,max_error_train_mean,max_error_train_max,max_error_train_min,max_error_train_std,max_error_test_mean,max_error_test_max,max_error_test_min,max_error_test_std,rmse_train_mean,rmse_train_max,rmse_train_min,rmse_train_std,rmse_test_mean,rmse_test_max,rmse_test_min,rmse_test_std,r2_train_mean,r2_train_max,r2_train_min,r2_train_std,r2_test_mean,r2_test_max,r2_test_min,r2_test_std,mape_train_mean,mape_train_max,mape_train_min,mape_train_std,mape_test_mean,mape_test_max,mape_test_min,mape_test_std
RandomForestRegressor,25.081018355732397,26.144857748923666,24.070473205291936,0.7153297891741952,67.43721687324583,82.63939366287255,57.966092978097585,9.476046600252308,666.843565073646,818.193481195538,0.004183885906144269,124.63996877900063,1222.9344436383967,1971.748718677062,0.014808954759587323,396.98397907104015,57.079968708096864,61.82292389066024,51.06536821574555,3.632044759458011,144.26558041629602,171.66486825978862,121.32088213780693,22.23068506806902,0.986565400883682,0.9897243527192585,0.9851085000751535,0.0016881431086785388,0.9097658592844912,0.947868362525085,0.8579200805507544,0.03144005779569426,0.043392034027449795,0.044206006435083905,0.04283979507993974,0.0004753514401127018,0.11894755912634516,0.1355745752620395,0.10413866141570303,0.00998935405051799
