,mae_train_mean,mae_train_max,mae_train_min,mae_train_std,mae_test_mean,mae_test_max,mae_test_min,mae_test_std,max_error_train_mean,max_error_train_max,max_error_train_min,max_error_train_std,max_error_test_mean,max_error_test_max,max_error_test_min,max_error_test_std,rmse_train_mean,rmse_train_max,rmse_train_min,rmse_train_std,rmse_test_mean,rmse_test_max,rmse_test_min,rmse_test_std,r2_train_mean,r2_train_max,r2_train_min,r2_train_std,r2_test_mean,r2_test_max,r2_test_min,r2_test_std,mape_train_mean,mape_train_max,mape_train_min,mape_train_std,mape_test_mean,mape_test_max,mape_test_min,mape_test_std
RandomForestRegressor,25.169973445269527,25.686737018269593,24.169054700344066,0.5452235291344364,68.04695295259273,79.99744036760502,58.41746624613595,7.502380034586771,666.0197416573498,757.6430424116738,465.407575838472,103.3634633818652,1208.329614123999,1920.3866216796962,825.5111420244298,380.0170477651848,57.36201679888377,61.19864641600446,52.66293666497293,3.7024117661473,149.61098502516037,170.7615645780027,117.14481931614569,19.76160903211918,0.9864295759048233,0.9890134971081818,0.9837560315772845,0.0019001976872179073,0.9047567768254556,0.9408895812106257,0.8675015147730313,0.027061606806645343,0.04352696464293589,0.04404912527069536,0.04206716465544272,0.0007395420880885643,0.11831036815508973,0.12468084972650978,0.11133326122819953,0.004847578900076468
