,mae_train_mean,mae_train_max,mae_train_min,mae_train_std,mae_test_mean,mae_test_max,mae_test_min,mae_test_std,max_error_train_mean,max_error_train_max,max_error_train_min,max_error_train_std,max_error_test_mean,max_error_test_max,max_error_test_min,max_error_test_std,rmse_train_mean,rmse_train_max,rmse_train_min,rmse_train_std,rmse_test_mean,rmse_test_max,rmse_test_min,rmse_test_std,r2_train_mean,r2_train_max,r2_train_min,r2_train_std,r2_test_mean,r2_test_max,r2_test_min,r2_test_std,mape_train_mean,mape_train_max,mape_train_min,mape_train_std,mape_test_mean,mape_test_max,mape_test_min,mape_test_std
RandomForestRegressor,19.15859610336782,19.913736890768,18.510608191351285,0.4608200222774001,49.913253088810265,55.57374274620233,42.754287631571394,4.6062588230301635,538.478229448204,608.236136824275,0.0035405562707069294,45.41807402207306,892.6440878900003,1556.6996845206415,0.017169565015251465,359.6723845374406,41.273417206559316,43.5959060309589,36.874693719745935,2.2967763829893872,100.82230912323504,145.83990489852027,79.6383227545161,23.85275924061186,0.9929985712289774,0.994101533645963,0.992310141273813,0.0006614930383024283,0.9576347916392232,0.9671382826207376,0.9285175137844282,0.014683076134381202,0.03580842204500524,0.03734043193231562,0.034332988997016235,0.0009607373415519366,0.09643581786698155,0.11085820850307804,0.0855319027779466,0.008265902207477303
