,mae_train_mean,mae_train_max,mae_train_min,mae_train_std,mae_test_mean,mae_test_max,mae_test_min,mae_test_std,max_error_train_mean,max_error_train_max,max_error_train_min,max_error_train_std,max_error_test_mean,max_error_test_max,max_error_test_min,max_error_test_std,rmse_train_mean,rmse_train_max,rmse_train_min,rmse_train_std,rmse_test_mean,rmse_test_max,rmse_test_min,rmse_test_std,r2_train_mean,r2_train_max,r2_train_min,r2_train_std,r2_test_mean,r2_test_max,r2_test_min,r2_test_std,mape_train_mean,mape_train_max,mape_train_min,mape_train_std,mape_test_mean,mape_test_max,mape_test_min,mape_test_std
RandomForestRegressor,18.8402940842081,19.496486899741328,18.168811771859577,0.5056648088071796,49.88505397612418,52.28841718202596,47.56026951763271,1.9408165273416724,523.8956756695742,690.7074644316044,383.7931370667734,102.56196017421419,866.3730278794908,1446.0322928164705,453.1708545826941,335.67399881016246,39.419373301207756,43.95793719629814,35.36242277435689,3.08334972877273,100.89251965858224,118.00967429101104,90.8367189234832,9.160331945677807,0.9935923656770689,0.9947436107287579,0.9923525187324793,0.0009700039167371756,0.9566870566815275,0.9661625094469686,0.9338531886901278,0.011937919303681788,0.03560471260723673,0.03673952793252568,0.034573036688767496,0.0008060352322876682,0.09453162266012338,0.10909701773128828,0.08820181190403843,0.008124649549989463
